Time_mins,power_kW
0.00,8.606857143
0.06,14.41612867
0.13,11.88079659
0.19,16.96390918
0.26,22.81882498
0.32,22.45574551
0.39,22.18810407
0.45,24.30641343
0.51,24.6694929
0.58,27.26914191
0.64,26.90606244
0.71,27.01187417
0.77,27.37495364
0.84,27.73803311
0.90,27.96003027
0.96,27.5969508
1.03,27.404
1.09,27.404
1.16,26.77742857
1.22,26.15085714
1.28,26.15085714
1.35,26.15085714
1.41,26.15085714
1.48,26.15085714
1.54,26.15085714
1.61,26.15085714
1.67,26.10936235
1.73,25.74628288
1.80,25.80645033
1.86,26.53260927
1.93,26.53675875
1.99,26.17367928
2.06,26.15085714
2.12,26.22762252
2.18,26.59070199
2.25,25.34793283
2.31,24.98485336
2.38,23.99520246
2.44,23.66946831
2.51,24.39562725
2.57,23.86864333
2.63,24.59480227
2.70,24.69438978
2.76,25.42054872
2.83,25.42054872
2.89,25.29952223
2.95,25.17849574
3.02,25.05746925
3.08,24.93644276
3.15,24.81541627
3.21,24.69438978
3.28,24.57336329
3.34,24.4523368
3.40,24.33131031
3.47,25.34170861
3.53,24.97862914
3.60,23.92673605
3.66,24.27269891
3.73,24.30295553
3.79,24.33321216
3.85,24.36346878
3.92,24.3937254
3.98,24.42398202
4.05,24.45423865
4.11,24.48449527
4.18,24.51475189
4.24,24.54500851
4.30,24.57526514
4.37,24.60552176
4.43,24.63577838
4.50,24.666035
4.56,24.69629163
4.63,24.72654825
4.69,24.75680487
4.75,24.78706149
4.82,24.81731812
4.88,24.84757474
4.95,24.87783136
5.01,25.02219868
5.07,25.38527815
5.14,25.52428571
5.20,25.52428571
5.27,25.52428571
5.33,25.46411826
5.40,25.10103879
5.46,24.89771429
5.52,24.89771429
5.59,24.89771429
5.65,24.89771429
5.72,24.89771429
5.78,24.89771429
5.85,24.89771429
5.91,24.89771429
5.97,24.89771429
6.04,25.19232734
6.10,25.52428571
6.17,25.52428571
6.23,25.39357711
6.30,25.03049763
6.36,25.12801041
6.42,25.49108988
6.49,25.52428571
6.55,25.45789404
6.62,25.09481457
6.68,24.84238789
6.75,24.7213614
6.81,24.60033491
6.87,24.47930842
6.94,24.35828193
7.00,24.37280511
7.07,24.73588458
7.13,23.84582119
7.19,24.20890066
7.26,23.34373415
7.32,23.05534532
7.39,23.41842479
7.45,23.64457143
7.52,23.64457143
7.58,23.64457143
7.64,23.64457143
7.71,23.64457143
7.77,24.34375875
7.84,24.70683822
7.90,24.05122044
7.97,26.22969726
8.03,25.6902649
8.09,26.07616651
8.16,22.80845128
8.22,23.10513907
8.29,21.28974172
8.35,19.04694797
8.42,19.77310691
8.48,19.25857143
8.54,19.25857143
8.61,19.25857143
8.67,19.25857143
8.74,19.25857143
8.80,19.25857143
8.86,19.25857143
8.93,19.25857143
8.99,19.17973132
9.06,18.81665184
9.12,18.98885525
9.19,19.71501419
9.25,19.60712772
9.31,19.25857143
9.38,19.25857143
9.44,19.37268212
9.51,19.73576159
9.57,19.88514286
9.64,19.88514286
9.70,19.88514286
9.76,19.27931883
9.83,23.99935194
9.89,22.15490823
9.96,26.1487824
10.02,21.12998675
10.09,22.94538411
10.15,24.76078146
10.21,26.15085714
10.28,26.15085714
10.34,26.33550899
10.41,26.69858846
10.47,26.35106954
10.54,25.80645033
10.60,25.26183113
10.66,26.92266036
10.73,25.47034248
10.79,24.89771429
10.86,24.89771429
10.92,24.57820435
10.98,24.78567833
11.05,24.05951939
11.11,23.33336045
11.18,22.60720151
11.24,23.018
11.31,23.018
11.37,21.76485714
11.43,21.93498581
11.50,20.11958846
11.56,20.75653359
11.63,20.03037465
11.69,19.59467928
11.76,20.48474267
11.82,20.1216632
11.88,20.01170199
11.95,20.37478146
12.01,19.88514286
12.08,19.88514286
12.14,19.36714948
12.21,19.48817597
12.27,19.60920246
12.33,19.73022895
12.40,19.85125544
12.46,19.62372564
12.53,19.26064617
12.59,31.64061873
12.65,26.87494134
12.72,27.23802081
12.78,42.09730747
12.85,33.38340019
12.91,52.03531126
12.98,54.37976727
13.04,54.74284674
13.10,59.85293094
13.17,59.48985147
13.23,51.81123936
13.30,44.91272942
13.36,51.72824976
13.43,39.53500378
13.49,34.08881173
13.55,38.83581646
13.62,33.75270388
13.68,33.58464995
13.75,30.51610974
13.81,28.70071239
13.88,29.39160076
13.94,27.57620341
14.00,26.77742857
14.07,26.77742857
14.13,26.77742857
14.20,26.77742857
14.26,26.77742857
14.33,26.77742857
14.39,26.77742857
14.45,26.77742857
14.52,26.77742857
14.58,26.77742857
14.65,26.85211921
14.71,27.21519868
14.77,27.404
14.84,27.404
14.90,27.13013434
14.97,26.77742857
15.03,26.77742857
15.10,26.77742857
15.16,26.77742857
15.22,26.77742857
15.29,26.77742857
15.35,27.08656481
15.42,26.7317843
15.48,26.36870482
15.55,27.11353642
15.61,26.38737748
15.67,26.39567644
15.74,26.75875591
15.80,26.77742857
15.87,26.77742857
15.93,26.77742857
16.00,26.77742857
16.06,26.77742857
16.12,26.77742857
16.19,26.77742857
16.25,26.77742857
16.32,26.77742857
16.38,26.77742857
16.45,26.77742857
16.51,26.77742857
16.57,26.77742857
16.64,26.77742857
16.70,26.77742857
16.77,26.45376916
16.83,27.1799281
16.89,26.52638505
16.96,26.16330558
17.02,26.77742857
17.09,26.77742857
17.15,26.77742857
17.22,26.52431031
17.28,27.25046925
17.34,26.77742857
17.41,26.75460643
17.47,26.39152696
17.54,26.27326679
17.60,26.63634626
17.67,26.77742857
17.73,26.77742857
17.79,26.4558439
17.86,27.34590728
17.92,26.98282781
17.99,26.77742857
18.05,26.77742857
18.12,26.77742857
18.18,26.77742857
18.24,26.50771239
18.31,27.31063671
18.37,26.94755724
18.44,26.97037938
18.50,27.33345885
18.56,27.11146168
18.63,26.77742857
18.69,26.77742857
18.76,26.77742857
18.82,26.77742857
18.89,27.00564995
18.95,27.36872942
19.01,26.47866604
19.08,26.77742857
19.14,26.77742857
19.21,26.77742857
19.27,26.77742857
19.34,26.77742857
19.40,26.77742857
19.46,26.77742857
19.53,26.77742857
19.59,26.77742857
19.66,26.77742857
19.72,26.77742857
19.79,26.77742857
19.85,26.77742857
19.91,26.77742857
19.98,26.91228666
20.04,27.27536613
20.11,27.404
20.17,27.404
20.24,27.404
20.30,27.33345885
20.36,26.97037938
20.43,26.72071902
20.49,26.59969253
20.56,26.47866604
20.62,26.35763955
20.68,26.23661306
20.75,26.25666887
20.81,26.61974834
20.88,26.57202933
20.94,26.20894986
21.01,26.4558439
21.07,26.73593377
21.13,26.3728543
21.20,26.15085714
21.26,26.15085714
21.33,26.15085714
21.39,26.15085714
21.46,27.06374267
21.52,26.77742857
21.58,26.77742857
21.65,27.22764711
21.71,26.86456764
21.78,26.20604522
21.84,26.27866112
21.91,26.35127701
21.97,26.4238929
22.03,26.4965088
22.10,26.56912469
22.16,26.64174059
22.23,26.71435648
22.29,26.82514759
22.35,27.18822706
22.42,27.404
22.48,27.404
22.55,27.404
22.61,27.404
22.68,27.05751845
22.74,26.69443898
22.80,26.33135951
22.87,26.33343425
22.93,26.69651372
23.00,26.37077956
23.06,27.36665468
23.13,26.64049574
23.19,26.89568874
23.25,27.25876821
23.32,26.77742857
23.38,26.77742857
23.45,26.15085714
23.51,27.35005676
23.58,26.98697729
23.64,26.77742857
23.70,26.77742857
23.77,26.52431031
23.83,26.16123084
23.90,26.69858846
23.96,26.77742857
24.03,26.77742857
24.09,26.9662299
24.15,27.32930937
24.22,27.404
24.28,26.77742857
24.35,26.77742857
24.41,26.17160454
24.47,26.23211779
24.54,26.29263103
24.60,26.35314428
24.67,26.41365752
24.73,26.47417077
24.80,26.53468401
24.86,26.59519726
24.92,26.6557105
24.99,26.71622375
25.05,26.77673699
25.12,27.49528855
25.18,27.59487606
25.25,28.321035
25.31,26.93095932
25.37,28.3832772
25.44,26.48281552
25.50,26.18197824
25.57,26.54505771
25.63,26.90813718
25.70,27.27121665
25.76,27.17370388
25.82,26.81062441
25.89,26.77742857
25.95,26.77742857
26.02,26.77742857
26.08,26.61144939
26.15,26.24836991
26.21,26.94755724
26.27,32.50785998
26.34,49.75315887
26.40,58.81556102
26.47,153.4462604
26.53,105.1615693
26.59,174.518282
26.66,218.6411
26.72,201.9601007
26.79,212.0929105
26.85,212.7323333
26.92,205.9100136
26.98,199.2589488
27.04,190.55485
27.11,185.2037776
27.17,177.2322002
27.24,169.9839957
27.30,162.7738281
27.37,165.4463014
27.43,167.0037912
27.49,164.0989951
27.56,170.0649197
27.62,168.9074556
27.69,169.5710414
27.75,166.6825204
27.82,172.1708952
27.88,166.9277843
27.94,170.216437
28.01,168.2309443
28.07,167.5041086
28.14,165.1288168
28.20,166.6636596
28.26,168.3822645
28.33,163.7026483
28.39,164.7557596
28.46,165.6733488
28.52,166.1884494
28.59,167.7500087
28.65,165.6210469
28.71,166.5661119
28.78,166.6705937
28.84,166.9563233
28.91,166.6781494
28.97,167.5499176
29.04,158.910722
29.10,162.0786663
29.16,165.3643037
29.23,167.4185553
29.29,169.4639317
29.36,166.6923964
29.42,165.2048079
29.49,164.1155695
29.55,164.9765866
29.61,164.6135071
29.68,164.2504276
29.74,163.9993841
29.81,165.0886225
29.87,161.9661391
29.94,160.9598903
30.00,161.3229697
30.06,167.3500889
30.13,165.8977711
30.19,166.3251675
30.26,164.8728496
30.32,164.6985714
30.38,164.9226433
30.45,166.3749612
30.51,165.4807483
30.58,165.8438278
30.64,165.9517143
30.71,165.9517143
30.77,166.3064948
30.83,165.50772
30.90,166.2338789
30.96,165.4330293
31.03,163.2545525
31.09,167.2048571
31.16,167.0699991
31.22,165.2546017
31.28,166.5782857
31.35,166.5782857
31.41,165.603158
31.48,167.0554759
31.54,166.6529763
31.61,165.9517143
31.67,165.9517143
31.73,167.9725109
31.80,166.8832725
31.86,165.7940341
31.93,164.7047956
31.99,166.9392904
32.05,164.1695128
32.12,164.5325922
32.18,165.4869726
32.25,166.9392904
32.31,165.6882223
32.38,165.9185184
32.44,165.555439
32.50,166.9766358
32.57,168.0658742
32.63,168.458
32.70,168.458
32.76,167.5368155
32.83,166.5098193
32.89,166.1467398
32.95,163.9039461
33.02,163.5408666
33.08,163.35414
33.15,166.5658373
33.21,165.4765989
33.28,166.2670747
33.34,165.1778363
33.40,167.0015326
33.47,166.6384532
33.53,165.6902971
33.60,164.072
33.66,164.072
33.73,163.7234437
33.79,164.4496026
33.85,164.9371665
33.92,165.300246
33.98,164.6487777
34.05,164.2960719
34.11,165.3853103
34.17,164.5948344
34.24,165.6840728
34.30,164.9724371
34.37,165.3251429
34.43,165.3251429
34.50,165.2151816
34.56,164.8521022
34.62,162.8188571
34.69,162.8188571
34.75,164.6736746
34.82,164.7442157
34.88,165.1072952
34.95,166.2878221
35.01,165.5616632
35.07,165.4620757
35.14,164.7359167
35.20,165.0429782
35.27,165.0823983
35.33,163.9931599
35.40,162.9039215
35.46,161.8146831
35.52,163.6591268
35.59,165.3085449
35.65,164.9454655
35.72,163.0055837
35.78,165.54714
35.85,165.1093699
35.91,164.7462904
35.97,164.383211
36.04,163.3935601
36.10,163.0304806
36.17,162.8188571
36.23,162.8188571
36.29,163.8209565
36.36,163.457877
36.42,163.721369
36.49,163.7068458
36.55,164.7960842
36.62,165.5782611
36.68,164.8521022
36.74,167.437228
36.81,160.9391429
36.87,160.9391429
36.94,161.0615525
37.00,161.424632
37.07,167.2048571
37.13,167.2048571
37.19,163.7504153
37.26,163.5035213
37.32,163.8666008
37.39,165.3209934
37.45,163.8686755
37.52,165.5492148
37.58,164.0968969
37.64,166.3085695
37.71,166.4849224
37.77,166.121843
37.84,166.1923841
37.90,165.4662252
37.96,165.3251429
38.03,164.0429536
38.09,163.6798742
38.16,164.8272053
38.22,165.1902848
38.29,164.9848855
38.35,166.4372034
38.41,167.8895213
38.48,164.2649508
38.54,165.3541892
38.61,166.9537152
38.67,166.8644768
38.74,166.3914607
38.80,166.9391429
38.86,166.486825
38.93,166.2004125
38.99,166.837333
39.06,166.2833283
39.12,164.9263746
39.19,165.4159886
39.25,170.2975563
39.31,170.6606358
39.38,169.7705724
39.44,170.1336518
39.51,170.2622857
39.57,170.2622857
39.64,170.5963188
39.70,170.818316
39.76,170.4552365
39.83,170.092157
39.89,169.7290776
39.96,170.1751466
40.02,170.8639603
40.08,169.4116424
40.15,169.9448505
40.21,168.8556121
40.28,168.5879707
40.34,168.9510501
40.41,169.957299
40.47,169.5112299
40.53,168.4219915
40.60,168.4614115
40.66,170.2768089
40.73,168.6232412
40.79,168.9863207
40.86,169.6896575
40.92,170.658561
40.98,169.5693226
41.05,169.1066556
41.11,168.0174172
41.18,167.8306906
41.24,167.1543254
41.31,167.8804844
41.37,168.1584995
41.43,167.4323406
41.50,167.9676235
41.56,168.3307029
41.63,169.6481627
41.69,171.2291145
41.75,169.0506377
41.82,172.142
41.88,172.142
41.95,172.142
42.01,172.142
42.08,172.142
42.14,171.8930312
42.20,170.8037928
42.27,171.6731088
42.33,169.494632
42.40,170.1046055
42.46,167.7746727
42.53,168.1377521
42.59,170.4158165
42.65,168.9634986
42.72,168.6004191
42.78,168.9634986
42.85,168.3659735
42.91,168.3825714
42.98,168.3825714
43.04,168.0755099
43.10,167.349351
43.17,167.2497635
43.23,166.5236045
43.30,166.5028571
43.36,167.6667862
43.43,167.3037067
43.49,166.5630246
43.55,165.4737862
43.62,166.2642621
43.68,166.527754
43.75,166.8908335
43.81,167.0049442
43.87,166.6418647
43.94,167.3535005
44.00,167.7165799
44.07,167.1086812
44.13,167.6958325
44.20,167.3327531
44.26,165.4893467
44.32,166.0339659
44.39,166.5785851
44.45,167.1232044
44.52,166.2352157
44.58,166.5028571
44.65,166.5028571
44.71,168.3825714
44.77,168.3825714
44.84,167.4240416
44.90,167.6626367
44.97,166.5733983
45.03,165.8762857
45.10,165.8762857
45.16,166.1065818
45.22,166.4696613
45.29,167.1626244
45.35,167.6896083
45.42,167.3265289
45.48,166.5858467
45.55,166.7673865
45.61,166.9489262
45.67,165.2497143
45.74,165.2497143
45.80,167.4510132
45.87,166.3617748
45.93,166.5256793
45.99,165.4364409
46.06,165.5505516
46.12,165.913631
46.19,166.2767105
46.25,165.1127815
46.32,164.749702
46.38,165.3327039
46.44,166.4219423
46.51,166.838965
46.57,164.9136064
46.64,166.3659243
46.70,165.4219177
46.77,165.7849972
46.83,165.060913
46.89,166.4862592
46.96,165.7601003
47.02,167.4323406
47.09,166.3431022
47.15,167.963474
47.22,168.3265535
47.28,168.3825714
47.34,167.7124305
47.41,167.349351
47.47,166.8431145
47.54,166.1169555
47.60,167.1491386
47.66,166.2414399
47.73,165.3337412
47.79,164.6231429
47.86,164.6231429
47.92,165.6978581
47.99,165.3347786
48.05,165.9468269
48.11,165.2206679
48.18,164.494509
48.24,166.9582625
48.31,166.4136433
48.37,165.8690241
48.44,165.3244049
48.50,165.8762857
48.56,165.9260795
48.63,166.2891589
48.69,166.3534759
48.76,165.9903964
48.82,166.0049196
48.89,165.2787606
48.95,166.2953832
49.01,165.5899716
49.08,167.0422895
49.14,166.1532635
49.21,166.6978827
49.27,167.2425019
49.34,165.8555383
49.40,165.4924588
49.46,164.5028079
49.53,164.1397285
49.59,164.8098694
49.66,164.0837105
49.72,164.9426528
49.78,167.0734106
49.85,166.7103311
49.91,166.3472517
49.98,165.9841722
50.04,165.8534636
50.11,164.0380662
50.17,165.060913
50.23,165.6937086
50.30,164.9675497
50.36,166.121105
50.43,165.3949461
50.49,166.9302535
50.56,165.2497143
50.62,165.2497143
50.68,166.8763103
50.75,166.1501514
50.81,167.0775601
50.88,165.9883217
50.94,166.2020199
51.01,166.6273415
51.07,167.3535005
51.13,167.2912583
51.20,167.6543377
51.26,165.6688117
51.33,167.1211296
51.39,165.515281
51.45,165.2497143
51.52,165.2497143
51.58,165.0173434
51.65,165.7435024
51.71,165.2497143
51.78,165.2165184
51.84,164.853439
51.90,164.6231429
51.97,164.6231429
52.03,165.6439149
52.10,165.2808354
52.16,164.9551012
52.23,165.8078193
52.29,165.4447398
52.35,165.4177682
52.42,165.7808477
52.48,165.6086443
52.55,165.2538638
52.61,165.6169432
52.68,166.9219546
52.74,166.1957956
52.80,166.0796102
52.87,166.4426897
52.93,166.5236045
53.00,164.5837228
53.06,164.2206433
53.13,163.9965714
53.19,163.9965714
53.25,165.0111192
53.32,164.6480397
53.38,164.9613254
53.45,164.0712621
53.51,164.4343415
53.57,164.797421
53.64,165.1605005
53.70,164.2704371
53.77,164.6231429
53.83,164.6231429
53.90,164.6231429
53.96,164.6231429
54.02,164.6231429
54.09,164.6231429
54.15,164.6231429
54.22,164.5774986
54.28,164.2144191
54.35,165.1044825
54.41,164.741403
54.47,164.6231429
54.54,164.6231429
54.60,165.3119565
54.67,165.7953709
54.73,165.4322914
54.80,164.9841476
54.86,165.7103065
54.92,166.0090691
54.99,164.6065449
55.05,164.2434655
55.12,167.0132431
55.18,166.6501637
55.25,166.2870842
55.31,165.9240047
55.37,164.9302044
55.44,163.9447029
55.50,163.5816235
55.57,165.5733737
55.63,164.8472148
55.69,163.6210435
55.76,163.984123
55.82,164.3472025
55.89,164.7102819
55.95,165.0733614
56.02,164.996596
56.08,165.722755
56.14,164.9634002
56.21,164.6003207
56.27,164.2372412
56.34,163.9965714
56.40,163.9965714
56.47,163.4488401
56.53,165.6273169
56.59,165.5878969
56.66,164.797421
56.72,165.8866594
56.79,165.4073945
56.85,165.770474
56.92,164.8804106
56.98,165.2434901
57.04,163.9965714
57.11,163.0235184
57.17,164.1127569
57.24,164.8638127
57.30,164.1376537
57.36,163.7040331
57.43,163.4135695
57.49,163.9581887
57.56,164.5028079
57.62,165.0474272
57.69,165.0795856
57.75,165.8057446
57.81,165.5484768
57.88,164.7517767
57.94,165.4779357
58.01,164.1604759
58.07,164.5235553
58.14,164.6231429
58.20,164.6231429
58.26,164.9862223
58.33,165.1501268
58.39,164.7870473
58.46,164.8223179
58.52,165.1853974
58.59,165.2497143
58.65,165.2144437
58.71,164.8513642
58.78,164.6231429
58.84,164.6231429
58.91,164.6231429
58.97,164.6231429
59.04,164.6231429
59.10,165.6646623
59.16,164.5754238
59.23,165.2497143
59.29,165.2497143
59.36,164.7102819
59.42,164.6480397
59.48,166.1003576
59.55,165.5671495
59.61,166.6563879
59.68,166.5132308
59.74,165.4239924
59.81,165.5878969
59.87,164.6231429
59.93,164.6231429
60.00,163.37
60.06,163.37
60.13,164.7185809
60.19,165.8078193
60.26,164.6231429
60.32,165.2497143
60.38,165.2497143
60.45,164.7206556
60.51,163.6314172
60.58,163.6459404
60.64,163.984123
60.71,163.6210435
60.77,165.5401779
60.83,164.4509395
60.90,164.8181684
60.96,163.0027711
61.03,164.4675374
61.09,164.2859976
61.15,164.1044579
61.22,164.2911845
61.28,165.0173434
61.35,163.9965714
61.41,163.9965714
61.48,163.9965714
61.54,162.8264182
61.60,163.1894976
61.67,163.5525771
61.73,163.9156566
61.80,165.2497143
61.86,163.37
61.93,163.37
61.99,164.5048827
62.05,164.1418032
62.12,164.8140189
62.18,164.08786
62.25,164.6065449
62.31,163.4239432
62.38,163.7870227
62.44,164.7766736
62.50,165.1397531
62.57,165.2497143
62.63,165.2497143
62.70,165.2497143
62.76,165.2497143
62.83,165.2497143
62.89,163.8077701
62.95,163.4446906
63.02,164.6231429
63.08,164.6231429
63.15,164.6231429
63.21,165.8762857
63.27,165.8762857
63.34,163.9509272
63.40,162.8616887
63.47,162.7434286
63.53,162.9239309
63.60,164.0131693
63.66,164.4633879
63.72,164.1003084
63.79,164.7310293
63.85,164.0048704
63.92,163.4581764
63.98,162.9135572
64.05,162.368938
64.11,165.6397654
64.17,166.3659243
64.24,165.2870596
64.30,166.3472517
64.37,164.5318543
64.43,165.1190057
64.50,164.7559262
64.56,162.9737247
64.62,163.3368042
64.69,164.0297673
64.75,163.569175
64.82,164.6584134
64.88,162.9094078
64.95,163.2724872
65.01,164.1667001
65.07,162.7496528
65.14,163.8388912
65.20,164.6231429
65.27,164.6231429
65.33,163.7496774
65.39,165.5650747
65.46,164.8990833
65.52,162.8928098
65.59,164.3451277
65.65,163.1542271
65.72,164.2434655
65.78,166.2663368
65.84,165.9032573
65.91,164.2413907
65.97,162.9343046
66.04,160.7558278
66.10,163.5276802
66.17,159.8968855
66.23,153.6166481
66.29,152.6850899
66.36,151.232772
66.42,146.1745563
66.49,138.9129669
66.55,138.9503122
66.62,134.5933586
66.68,131.4895478
66.74,132.3194437
66.81,129.4148079
66.87,129.7322431
66.94,128.6430047
67.00,129.0102337
67.06,130.0994721
67.13,129.6513283
67.19,128.9085714
67.26,128.9085714
67.32,130.6098581
67.39,130.2467786
67.45,128.5600151
67.51,128.9230946
67.58,129.2861741
67.64,131.3007465
67.71,130.937667
67.77,130.5745875
67.84,130.211508
67.90,130.475
67.96,130.7882857
68.03,130.7882857
68.09,129.2363803
68.16,128.5102214
68.22,129.1575402
68.29,129.5206197
68.35,129.8836991
68.41,128.537193
68.48,129.6264314
68.54,129.462527
68.61,130.5517654
68.67,129.1928108
68.74,129.5766377
68.80,130.3027966
68.86,129.4148079
68.93,129.0517285
68.99,130.6015591
69.06,131.3277181
69.12,126.9790634
69.18,130.4065336
69.25,123.8711031
69.31,127.827632
69.38,122.3814399
69.44,120.2527569
69.51,119.5265979
69.57,119.8647805
69.63,120.1822157
69.70,120.3637554
69.76,120.5452952
69.83,120.7268349
69.89,121.0536064
69.96,120.163543
70.02,120.5266225
70.08,120.889702
70.15,121.2527815
70.21,121.6158609
70.28,121.9789404
70.34,120.4374087
70.41,120.1988136
70.47,120.5618931
70.53,120.6013132
70.60,120.2382337
70.66,120.3979886
70.73,120.7610681
70.79,122.6428571
70.85,120.5681173
70.92,119.8419584
70.98,120.530772
71.05,121.2569309
71.11,121.3897143
71.18,121.3897143
71.24,121.3897143
71.30,121.2569309
71.37,120.8938515
71.43,119.7423709
71.50,120.1054503
71.56,120.3938392
71.63,120.8316093
71.69,121.1946887
71.75,122.0162857
71.82,122.0162857
71.88,121.0307843
71.95,120.1365714
72.01,120.1365714
72.08,120.1365714
72.14,120.1365714
72.20,119.916649
72.27,120.6428079
72.33,120.4602308
72.40,120.1759915
72.46,120.539071
72.53,121.5287219
72.59,121.8918013
72.65,122.0162857
72.72,122.0162857
72.78,122.0162857
72.85,122.0162857
72.91,122.0162857
72.97,122.0162857
73.04,122.0162857
73.10,122.0162857
73.17,121.9955383
73.23,121.2693794
73.30,122.4229347
73.36,121.6967758
73.42,122.4333084
73.49,122.0702289
73.55,121.7071495
73.62,123.2694286
73.68,123.2694286
73.75,123.2694286
73.81,123.2694286
73.87,121.1158486
73.94,122.5681665
74.00,122.6428571
74.07,122.6428571
74.13,122.6428571
74.20,122.2870393
74.26,122.8316585
74.32,123.3762777
74.39,121.9830899
74.45,121.2569309
74.52,123.1988874
74.58,121.0204106
74.65,122.8378827
74.71,122.1117237
74.77,121.7009253
74.84,121.4415828
74.90,121.8046623
74.97,122.0162857
75.03,122.0162857
75.09,122.0162857
75.16,122.0162857
75.22,122.9187975
75.29,122.5557181
75.35,122.1926386
75.42,123.082702
75.48,122.7196225
75.54,123.0370577
75.61,123.17814
75.67,121.7258221
75.74,121.0079622
75.80,121.7341211
75.87,121.8337086
75.93,122.5598675
75.99,122.3212725
76.06,121.958193
76.12,121.5951135
76.19,121.5473945
76.25,121.910474
76.32,122.2735535
76.38,122.6366329
76.44,123.6262838
76.51,123.2694286
76.57,123.2694286
76.64,121.7756159
76.70,122.5017748
76.76,122.3503188
76.83,121.9872394
76.89,121.6241599
76.96,121.2610804
77.02,120.8980009
77.09,121.958193
77.15,120.8689546
77.21,121.0909518
77.28,123.5744153
77.34,121.759018
77.41,123.0764778
77.47,121.2610804
77.54,122.4789527
77.60,121.3897143
77.66,121.3897143
77.73,121.4893018
77.79,121.8523813
77.86,122.0162857
77.92,122.0162857
77.99,122.373141
78.05,122.6075866
78.11,122.2445071
78.18,121.8814276
78.24,121.5183482
78.31,122.8773027
78.37,123.2403822
78.44,122.3503188
78.50,122.7133983
78.56,123.0764778
78.63,123.0992999
78.69,122.7362204
78.76,121.7465695
78.82,121.4021627
78.88,122.1283217
78.95,121.8129612
79.01,123.2652791
79.08,123.4748278
79.14,123.8379073
79.21,122.9478439
79.27,123.3109234
79.33,123.6740028
79.40,123.7549177
79.46,123.3918382
79.53,123.0287588
79.59,122.6656793
79.66,122.9831145
79.72,123.7424693
79.78,123.0163103
79.85,121.7424201
79.91,122.468579
79.98,121.9415951
80.04,122.667754
80.11,123.393913
80.17,123.896
80.23,123.896
80.30,123.1636168
80.36,122.9820771
80.43,122.8005374
80.49,122.5474191
80.55,121.8212602
80.62,121.5370208
80.68,121.9001003
80.75,122.8897512
80.81,123.2528307
80.88,122.5764655
80.94,122.1822649
81.00,122.9084238
81.07,122.5391202
81.13,121.0868023
81.20,122.6428571
81.26,121.4457323
81.33,122.5349707
81.39,123.4229593
81.45,121.9706414
81.52,122.8337332
81.58,122.1075743
81.65,122.0162857
81.71,121.9623425
81.78,121.599263
81.84,121.3897143
81.90,121.3897143
81.97,122.7631921
82.03,122.0370331
82.10,123.5432942
82.16,123.1802148
82.23,122.8171353
82.29,122.4540558
82.35,122.0909763
82.42,121.7278969
82.48,121.3648174
82.55,121.0017379
82.61,123.2735781
82.67,121.4581807
82.74,122.06193
82.80,123.1511684
82.87,122.9457692
82.93,123.7154976
83.00,122.6262592
83.06,122.0162857
83.12,122.0162857
83.19,122.0162857
83.25,122.0162857
83.32,122.0162857
83.38,122.0162857
83.45,122.0162857
83.51,122.2113113
83.57,122.5743907
83.64,123.2320833
83.70,123.9271211
83.77,124.2902006
83.83,122.3814399
83.90,121.655281
83.96,122.476878
84.02,123.2030369
84.09,122.9395449
84.15,122.8420322
84.22,123.9312706
84.28,123.1407947
84.35,124.2300331
84.41,123.1947379
84.47,121.4270596
84.54,127.9624901
84.60,126.6906746
84.67,129.9583898
84.73,129.1284939
84.79,138.5685601
84.86,141.5665591
84.92,142.4026793
84.99,145.6703945
85.05,143.7886055
85.12,146.6932412
85.18,147.4691939
85.24,147.1061145
85.31,146.4525714
85.37,146.3799555
85.44,146.0168761
85.50,145.2616708
85.57,146.7139886
85.63,146.2637701
85.69,144.5894551
85.76,145.315614
85.82,146.7554834
85.89,145.666245
85.95,144.3653832
86.02,144.0023037
86.08,145.211877
86.14,146.5397105
86.21,147.2658694
86.27,147.1330861
86.34,145.6807682
86.40,145.6849177
86.46,146.4110766
86.53,146.7949035
86.59,146.8426225
86.66,145.7533841
86.72,144.8425733
86.79,144.1164144
86.85,145.1288874
86.91,145.8550464
86.98,146.5812053
87.04,146.9650322
87.11,146.6019527
87.17,146.2388732
87.24,145.8757938
87.30,144.5728571
87.36,145.8757938
87.43,146.2388732
87.49,146.1538089
87.56,145.42765
87.62,145.4566963
87.69,144.0043784
87.75,146.5231126
87.81,146.5376358
87.88,146.9007152
87.94,146.1558836
88.01,144.3404863
88.07,144.7990038
88.14,145.8052526
88.20,145.4421731
88.26,145.1994286
88.33,145.1994286
88.39,145.1994286
88.46,145.1994286
88.52,145.1994286
88.58,145.826
88.65,145.826
88.71,145.826
88.78,145.826
88.84,146.8239499
88.91,146.4608704
88.97,145.4712195
89.03,134.8008325
89.10,113.3791438
89.16,119.1075005
89.23,76.62720246
89.29,39.17192431
89.36,36.22994324
89.42,36.95610218
89.48,39.99248392
89.55,38.3586263
89.61,36.72476868
89.68,35.09091107
89.74,34.87306339
89.81,34.23404352
89.87,33.87096405
89.93,33.50788458
90.00,33.14480511
90.06,28.59905014
90.13,22.42669915
90.19,24.68609082
90.25,23.35203311
90.32,22.2627947
90.38,19.7938543
90.45,16.1630596
90.51,17.57803217
90.58,17.97223273
90.64,17.60915326
90.70,14.11321665
90.77,13.75013718
90.83,11.52809082
90.90,8.260375591
90.96,13.06754778
91.03,9.270773888
91.09,19.43699905
91.15,23.43087323
91.22,21.61547588
91.28,15.42030274
91.35,14.87672091
91.41,15.23980038
91.48,22.09266604
91.54,14.46799716
91.60,21.3250123
91.67,22.77733018
91.73,21.44119773
91.80,21.13828571
91.86,21.13828571
91.93,20.65072185
91.99,21.01380132
92.05,21.01898817
92.12,20.83744844
92.18,20.6559087
92.25,22.09266604
92.31,20.64034816
92.37,21.31256386
92.44,21.67564333
92.50,16.04687417
92.57,17.31661495
92.63,15.13813813
92.70,13.91611637
92.76,12.82687796
92.82,13.62150331
92.89,14.71074172
92.95,15.18170766
93.02,13.03850142
93.08,13.40158089
93.15,13.61942857
93.21,13.61942857
93.27,13.61942857
93.34,13.61942857
93.40,15.15473605
93.47,14.87257143
93.53,14.87257143
93.60,14.69206906
93.66,14.32898959
93.72,14.59248155
93.79,14.29579376
93.85,15.38503217
93.92,15.10494229
93.98,15.83110123
94.05,15.90994134
94.11,15.54686187
94.17,15.49914286
94.24,15.49914286
94.30,15.49914286
94.37,15.49914286
94.43,15.49914286
94.49,15.75018638
94.56,16.11326585
94.62,16.47634532
94.69,15.83110123
94.75,19.8249754
94.82,38.24244087
94.88,38.60552034
94.94,36.40837086
95.01,32.00577294
95.07,25.47034248
95.14,25.27946641
95.20,24.55330747
95.27,22.23374834
95.33,17.8767947
95.39,17.70044182
95.46,17.94733586
95.52,17.58425639
95.59,17.22117692
95.65,16.85809745
95.72,17.00955345
95.78,17.37263292
95.84,16.57800757
95.91,16.65892242
95.97,16.29584295
96.04,16.55933491
96.10,16.19625544
96.16,17.00332923
96.23,16.81037843
96.29,17.53653737
96.36,16.25434816
96.42,16.61742763
96.49,16.92241438
96.55,16.19625544
96.61,15.52818921
96.68,16.25434816
96.74,16.9805071
96.81,17.67761968
96.87,16.95146074
96.94,17.27926963
97.00,16.75228571
